case,checksum,iterations,p50_batch_mean_ns,p95_batch_mean_ns,samples,size
ledger.commit,1501001501,100,317,373,15,10
ledger.retry_oldest,1501003002,100,73,76,15,10
ledger.retry_newest,1501003002,100,125,352,15,10
ledger.stale,1501004503,100,123,127,15,10
budget.reserve.reference,181621,100,1252,1467,15,10
budget.reject.reference,1501,100,439,443,15,10
budget.reserve.optimized,181621,100,950,1096,15,10
budget.reject.optimized,1501,100,241,242,15,10
budget.settle_first,15010,100,324,472,15,10
budget.settle_last,15010,100,382,388,15,10
ledger.commit,1501001501,100,1658,1786,15,100
ledger.retry_oldest,1501003002,100,75,77,15,100
ledger.retry_newest,1501003002,100,621,765,15,100
ledger.stale,1501004503,100,625,742,15,100
budget.reserve.reference,451801,100,10644,12493,15,100
budget.reject.reference,1501,100,3184,3837,15,100
budget.reserve.optimized,451801,100,6915,8775,15,100
budget.reject.optimized,1501,100,1902,3850,15,100
budget.settle_first,150100,100,1185,1741,15,100
budget.settle_last,150100,100,1807,2319,15,100
ledger.commit,1501001501,100,16699,19480,15,1000
ledger.retry_oldest,1501003002,100,73,273,15,1000
ledger.retry_newest,1501003002,100,6602,8116,15,1000
ledger.stale,1501004503,100,5691,8323,15,1000
budget.reserve.reference,3153601,100,107329,122479,15,1000
budget.reject.reference,1501,100,28944,30964,15,1000
budget.reserve.optimized,3153601,100,67053,70956,15,1000
budget.reject.optimized,1501,100,17942,18990,15,1000
budget.settle_first,1501000,100,11332,12581,15,1000
budget.settle_last,1501000,100,17823,19752,15,1000
ledger.commit,1501001501,100,168848,179335,15,10000
ledger.retry_oldest,1501003002,100,73,86,15,10000
ledger.retry_newest,1501003002,100,62854,67511,15,10000
ledger.stale,1501004503,100,58874,66052,15,10000
budget.reserve.reference,30171601,100,1049686,1210457,15,10000
budget.reject.reference,1501,100,281814,312519,15,10000
budget.reserve.optimized,30171601,100,651354,683729,15,10000
budget.reject.optimized,1501,100,163844,166772,15,10000
budget.settle_first,15010000,100,111541,122770,15,10000
budget.settle_last,15010000,100,178061,356511,15,10000
